"Timestamp","Tu es ...","Es-tu étranger ?","Resteras-tu le week-end en général ?","Note de 1 à 10 ton envie de vivre en communauté (discuter dans un canapé, déjeuner à plusieurs ...)","Note de 1 à 10 ton envie de faire la fête","Quelle importance accordes tu au travail de 1 à 10?","Es-tu un couche-tard ?","As-tu besoin de calme ?","Es tu dérangé par les fumeurs?","Qu'est-ce qui te définit le mieux ?","Quel est ton sport","Accordes tu de l'importance à l'ambiance liée à ce sport pour ton voisinage?","Es tu plutôt:","Veux tu être à côté d'autres musiciens ?","Passes tu beaucoup de temps à ""coder""?","Veux tu être avec dans un étage avec des gens intéressés par l'informatique ?","Veux tu être dans un étage avec beaucoup de gens qui aiment faire la fête?","Passes tu beaucoup de temps à jouer aux jeux videos?","Veux tu être dans un étage avec des gens intéressés par les jeux vidéos?","Es tu GPA ou GDA?","Dans quel étage es tu? [0]","Dans quel étage es tu? [1]","Dans quel étage es tu? [2]","Dans quel étage es tu? [3]","Dans quel étage es tu? [4]","Es tu satisfait de ton étage attribué?","Dans quel étage aurais tu voulu être? [0]","Dans quel étage aurais tu voulu être? [1]","Dans quel étage aurais tu voulu être? [2]","Dans quel étage aurais tu voulu être? [3]","Dans quel étage aurais tu voulu être? [4]"
"2016/11/17 12:14:20 PM GMT+1","un homme","Non","Oui","9","9","5","Oui","Non","Non","Sport","Volley","Oui","","","","","","","","GDA","","","","C","","Oui","","","","",""
"2016/11/22 11:26:57 AM GMT+1","un homme","Oui","Oui","7","5","7","Oui","Oui","Non","Sport","Foot","Non","","","","","","","","GDA","","","B","","","Oui","","","","",""
"2016/11/22 11:27:24 AM GMT+1","un homme","Non","Non","1","5","10","Oui","Oui","Oui","Professionnel","","","","","","","","","","GDA","","","","A","","Non","A","","","",""
"2016/11/22 11:27:27 AM GMT+1","un homme","Oui","Oui","6","3","8","Non","Oui","Non","Professionnel","","","","","","","","","","GDA","B","","","","","Oui","","","","",""
"2016/11/22 11:27:57 AM GMT+1","un homme","Non","Non","3","3","7","Non","Oui","Oui","Jeux vidéos","","","","","","","","Oui","","GPA","","","","","","Oui","","","","",""
"2016/11/22 11:28:01 AM GMT+1","un homme","Non","Non","10","6","6","Oui","Oui","Oui","Caritatif","","","","","","","","","","GPA","C","","","","","Oui","","","","",""
"2016/11/22 11:28:13 AM GMT+1","un homme","Non","Oui","8","10","1","Oui","Non","Oui","Soirée","","","","","","","Oui","","","GDA","","","","E","","Oui","","","","",""
"2016/11/22 11:28:35 AM GMT+1","un homme","Non","Oui","9","2","5","Non","Oui","Oui","Professionnel","","","","","","","","","","GDA","","E","","","","Oui","","","","",""
"2016/11/22 11:28:37 AM GMT+1","un homme","Non","Oui","8","7","5","Oui","Non","Oui","Informatique","","","","","Oui","","","","","GDA","","","D","","","Oui","","","","",""
"2016/11/22 11:28:42 AM GMT+1","un homme","Non","Oui","7","7","4","Non","Non","Non","Sociabilité","","","","","","","Non","","","GPA","G","","","","","Non","","G","","",""
"2016/11/22 11:28:48 AM GMT+1","un homme","Oui","Oui","8","2","8","Non","Oui","Oui","Professionnel","","","","","","","","","","GDA","","A","","","","Oui","","","","",""
"2016/11/22 11:28:53 AM GMT+1","une fille","Non","Non","10","8","3","Oui","Non","Non","Sociabilité","","","","","","","Oui","","","GDA","","","","G","","Oui","","","","",""
"2016/11/22 11:28:58 AM GMT+1","un homme","Non","Oui","10","10","5","Oui","Oui","Oui","Sport","Foot","Non","","","","","","","","GDA","","","","I","","Oui","","","","",""
"2016/11/22 11:28:59 AM GMT+1","un homme","Non","Oui","8","6","5","Oui","Non","Non","Sociabilité","","","","","","","Non","","","GPA","","G","","","","Oui","","","","",""
"2016/11/22 11:29:04 AM GMT+1","un homme","Non","Non","7","3","8","Non","Oui","Oui","Informatique","","","","","Oui","","","","","GPA","H","","","","","Oui","","","","",""
"2016/11/22 11:29:04 AM GMT+1","un homme","Non","Oui","10","8","4","Oui","Non","Non","Sociabilité","","","","","","","Oui","","","GDA","","D","","","","Oui","","","","",""
"2016/11/22 11:29:06 AM GMT+1","une fille","Non","Oui","10","10","3","Oui","Non","Non","Sociabilité","","","","","","","Oui","","","GDA","","","H","","","Oui","","","","",""
"2016/11/22 11:29:08 AM GMT+1","une fille","Non","Oui","8","3","6","Oui","Oui","Oui","Sociabilité","","","","","","","Non","","","GDA","","","","","","Oui","","","","",""
"2016/11/22 11:29:11 AM GMT+1","une fille","Non","Oui","3","1","8","Oui","Oui","Oui","Musique","","","Orchestre","Ca m'est égal","","","","","","GPA","A","","","","","Oui","","","","",""
"2016/11/22 11:29:11 AM GMT+1","une fille","Non","Oui","8","5","3","Non","Non","Oui","Sociabilité","","","","","","","Oui","","","GDA","","G","","","","Oui","","","","",""
"2016/11/22 11:29:36 AM GMT+1","un homme","Non","Non","10","7","7","Oui","Non","Non","Sport","Foot","Oui","","","","","","","","GPA","C","","","","","Oui","","","","",""
"2016/11/22 11:29:37 AM GMT+1","une fille","Non","Oui","8","6","6","Non","Oui","Non","Art","","","","","","","","","","GDA","","","D","","","Oui","","","","",""
"2016/11/22 11:29:41 AM GMT+1","une fille","Non","Non","8","4","7","Non","Oui","Oui","Sport","Handball","Oui","","","","","","","","GDA","","","G","","","Oui","","","","",""
"2016/11/22 11:29:42 AM GMT+1","une fille","Oui","Non","10","7","4","Oui","Oui","Oui","Sociabilité","","","","","","","Non","","","GDA","","","I","","","Oui","","","","",""
"2016/11/22 11:29:54 AM GMT+1","une fille","Non","Oui","8","6","7","Non","Non","Oui","Caritatif","","","","","","","","","","GDA","","","G","","","Oui","","","","",""
"2016/11/22 11:29:58 AM GMT+1","un homme","Non","Non","8","7","8","Oui","Non","Oui","Sport","Handball","Oui","","","","","","","","GPA","G","","","","","Non","","E","","",""
"2016/11/22 11:30:01 AM GMT+1","un homme","Non","Oui","9","9","9","Oui","Oui","Non","J'aime bien les cacahuètes","","","","","","","","","","GDA","","","H","","","Oui","","","","",""
"2016/11/22 11:30:01 AM GMT+1","un homme","Non","Oui","10","7","9","Non","Oui","Oui","Sport","Foot","Oui","","","","","","","","GDA","","","G","","","Oui","","","","",""
"2016/11/22 11:30:12 AM GMT+1","un homme","Non","Oui","7","5","6","Oui","Oui","Oui","Musique","","","Groupe","Oui","","","","","","GDA","","","","A","","Non","","","","B",""
"2016/11/22 11:30:13 AM GMT+1","un homme","Oui","Oui","7","3","7","Oui","Oui","Non","Jeux vidéos","","","","","","","","Oui","","GDA","","","","","","Oui","","","","",""
"2016/11/22 11:30:24 AM GMT+1","un homme","Non","Oui","8","3","8","Non","Oui","Oui","Professionnel","","","","","","","","","","GPA","D","","","","","Non","","E","","",""
"2016/11/22 11:30:24 AM GMT+1","un homme","Oui","Oui","10","2","3","Non","Oui","Oui","Sport","Foot","Oui","","","","","","","","GDA","A","","","","","Oui","","","","",""
"2016/11/22 11:30:31 AM GMT+1","un homme","Non","Oui","8","7","4","Oui","Non","Non","Sociabilité","","","","","","","Oui","","","GDA","","","","H","","Oui","","","","",""
"2016/11/22 11:30:33 AM GMT+1","un homme","Oui","Oui","10","8","7","Oui","Non","Oui","Sport","Athlétisme","Oui","","","","","","","","GDA","","I","","","","Oui","","","","",""
"2016/11/22 11:30:34 AM GMT+1","un homme","Non","Oui","7","6","6","Non","Oui","Oui","Sociabilité","","","","","","","Oui","","","GDA","","E","","","","Oui","","","","",""
"2016/11/22 11:30:34 AM GMT+1","un homme","Non","Non","3","8","6","Oui","Oui","Oui","Informatique","","","","","Oui","","","","","GPA","","","","F","","Oui","","","","",""
"2016/11/22 11:30:37 AM GMT+1","une fille","Non","Non","8","6","7","Non","Non","Oui","Sport","Athlétisme","Oui","","","","","","","","GDA","","","","E","","Oui","","","","",""
"2016/11/22 11:30:39 AM GMT+1","un homme","Non","Oui","10","7","5","Oui","Non","Oui","Sociabilité","","","","","","","Oui","","","GPA","","","","F","","Non","","I","","",""
"2016/11/22 11:30:45 AM GMT+1","une fille","Non","Oui","8","7","5","Non","Oui","Oui","Sport","Danse","Non","","","","","","","","GPA","","","I","","","Oui","","","","",""
"2016/11/22 11:30:48 AM GMT+1","une fille","Non","Oui","9","8","5","Oui","Non","Oui","Sport","Rugby","Non","","","","","","","","GPA","","","","E","","Oui","","","","",""
"2016/11/22 11:30:49 AM GMT+1","un homme","Non","Non","10","10","10","Oui","Non","Non","Musique","","","Groupe","Ca m'est égal","","","","","","GPA","","","I","","","Oui","","","","",""
"2016/11/22 11:30:53 AM GMT+1","un homme","Oui","Oui","10","6","7","Non","Non","Oui","Nx","","","","","","","","","","GPA","","","F","","","Oui","","","","",""
"2016/11/22 11:30:56 AM GMT+1","un homme","Non","Non","8","5","5","Oui","Oui","Oui","Musique","","","Seul","Ca m'est égal","","","","","","GPA","","","","B","","Oui","","","","",""
"2016/11/22 11:30:58 AM GMT+1","un homme","Oui","Oui","9","8","7","Oui","Non","Oui","Soirée","","","","","","","Oui","","","GDA","","","","","G","Oui","","","","",""
"2016/11/22 11:31:04 AM GMT+1","un homme","Non","Oui","10","10","10","Oui","Oui","Non","Sociabilité","","","","","","","Oui","","","GDA","","","","H","","Oui","","","","",""
"2016/11/22 11:31:05 AM GMT+1","un homme","Oui","Oui","7","2","10","Oui","Oui","Oui","Jeux vidéos","","","","","","","","Oui","","GPA","H","","","","","Non","F","F","B","B",""
"2016/11/22 11:31:05 AM GMT+1","un homme","Oui","Oui","1","1","10","Non","Oui","Oui","Informatique","","","","","Oui","","","","","GPA","F","","","","","Oui","","","","",""
"2016/11/22 11:31:07 AM GMT+1","un homme","Non","Oui","5","1","2","Non","Oui","Oui","Jeux vidéos","","","","","","","","Oui","","GDA","B","","","B","","Oui","","","","",""
"2016/11/22 11:31:09 AM GMT+1","une fille","Oui","Oui","10","10","5","Oui","Non","Non","Sociabilité","","","","","","","Oui","","","GDA","","","","I","","Oui","","","","",""
"2016/11/22 11:31:13 AM GMT+1","un homme","Non","Non","7","6","3","Non","Non","Non","Musique","","","Orchestre","Ca m'est égal","","","","","","GPA","E","","","","","Oui","","","","",""
"2016/11/22 11:31:14 AM GMT+1","une fille","Non","Non","8","7","7","Non","Oui","Non","Sport","Aviron","Non","","","","","","","","GPA","","","E","","","Oui","","","","",""
"2016/11/22 11:31:21 AM GMT+1","un homme","Non","Non","10","8","5","Oui","Non","Non","Soirée","","","","","","","Oui","","","GDA","","","","","G","Oui","","","","",""
"2016/11/22 11:31:48 AM GMT+1","une fille","Non","Non","9","8","4","Oui","Oui","Oui","Sociabilité","","","","","","","Oui","","","GDA","","D","","","","Oui","","","","",""
"2016/11/22 11:32:13 AM GMT+1","un homme","Non","Oui","10","8","3","Oui","Oui","Oui","Sociabilité","","","","","","","Oui","","","GDA","","","G","","","Oui","","","","",""
"2016/11/22 11:32:26 AM GMT+1","un homme","Non","Oui","9","8","7","Oui","Non","Non","Musique","","","Fanfare","Oui","","","","","","GPA","","","","I","","Oui","","","","",""
"2016/11/22 11:32:43 AM GMT+1","un homme","Oui","Oui","8","4","1","Oui","Oui","Non","Jeux vidéos","","","","","","","","Oui","","GDA","","","","B","","Oui","","","","",""
"2016/11/22 11:32:46 AM GMT+1","un homme","Non","Oui","6","3","7","Oui","Oui","Oui","Sport","Foot","Oui","","","","","","","","GPA","H","","","","","Non","","","G","",""
"2016/11/22 11:32:54 AM GMT+1","une fille","Non","Oui","9","7","6","Oui","Oui","Oui","Art","","","","","","","","","","GPA","G","","G","","","Oui","","","","",""
"2016/11/22 11:33:08 AM GMT+1","un homme","Non","Non","7","6","5","Oui","Oui","Oui","Informatique","","","","","Oui","","","","","GPA","D","","","","","Oui","","","","",""
"2016/11/22 11:33:12 AM GMT+1","un homme","Non","Oui","10","7","4","Oui","Oui","Non","Musique","","","Fanfare","Oui","","","","","","GPA","G","","","","","Non","","","","D",""
"2016/11/22 11:33:17 AM GMT+1","un homme","Non","Oui","10","10","1","Oui","Non","Non","Soirée","","","","","","","Oui","","","GPA","","","","","F","Oui","","","","",""
"2016/11/22 11:33:19 AM GMT+1","un homme","Non","Oui","7","5","4","Oui","Non","Non","Musique","","","Groupe","Oui","","","","","","GDA","","","","I","","Oui","","","","",""
"2016/11/22 11:33:42 AM GMT+1","un homme","Non","Non","5","1","10","Non","Oui","Oui","Informatique","","","","","Oui","","","","","GDA","","","","D","","Non","","","","",""
"2016/11/22 11:34:02 AM GMT+1","un homme","Non","Oui","7","7","6","Non","Oui","Oui","Associatif","","","","","","","","","","GPA","G","","","","","Oui","","","","",""
"2016/11/22 11:34:14 AM GMT+1","un homme","Non","Oui","7","7","8","Non","Oui","Oui","Professionnel","","","","","","","","","","GPA","","","F","","","Oui","","","","",""
"2016/11/22 11:34:23 AM GMT+1","un homme","Oui","Non","3","4","9","Non","Oui","Oui","Professionnel","","","","","","","","","","GPA","","","E","","","Oui","","","","",""
"2016/11/22 11:34:29 AM GMT+1","un homme","Non","Oui","8","7","6","Non","Non","Non","film et filmation","","","","","","","","","","GPA","","D","","","","Oui","","","","",""
"2016/11/22 11:34:47 AM GMT+1","un homme","Non","Oui","10","6","7","Oui","Non","Oui","Sociabilité","","","","","","","Non","","","GPA","B","","","","","Non","","","","",""
"2016/11/22 11:34:48 AM GMT+1","une fille","Non","Oui","7","1","7","Non","Oui","Oui","Professionnel","","","","","","","","","","GDA","","","","A","","Oui","","","","",""
"2016/11/22 11:34:51 AM GMT+1","un homme","Non","Non","10","4","7","Non","Oui","Oui","Sociabilité","","","","","","","Non","","","GPA","","","F","","","Oui","","","","",""
"2016/11/22 11:34:52 AM GMT+1","un homme","Non","Oui","9","7","3","Oui","Oui","Non","Musique","","","Fanfare","Oui","","","","","","GPA","","","","D","","Oui","","","","",""
"2016/11/22 11:35:31 AM GMT+1","un homme","Non","Oui","9","7","5","Non","Non","Non","Sport","Aviron","Oui","","","","","","","","GPA","","","F","","","Oui","","","","",""
"2016/11/22 11:35:33 AM GMT+1","un homme","Non","Non","7","6","6","Oui","Oui","Non","Sociabilité","","","","","","","Oui","","","GPA","","","","I","","Oui","","","","",""
"2016/11/22 11:35:37 AM GMT+1","une fille","Oui","Oui","10","8","7","Oui","Non","Oui","Sociabilité","","","","","","","Non","","","GDA","G","G","G","","","Oui","","","","",""
"2016/11/22 11:35:52 AM GMT+1","un homme","Non","Oui","6","7","10","Non","Oui","Oui","Sociabilité","","","","","","","Non","","","GPA","","","","A","","Oui","","","","",""
"2016/11/22 11:36:04 AM GMT+1","un homme","Non","Non","10","8","7","Oui","Non","Non","Sociabilité","","","","","","","Oui","","","GDA","","","","H","","Oui","","","","",""
"2016/11/22 11:36:32 AM GMT+1","un homme","Non","Non","4","1","8","Non","Oui","Oui","Discipline","","","","","","","","","","GPA","B","","","","","Oui","","","","",""
"2016/11/22 11:36:33 AM GMT+1","un homme","Non","Oui","6","1","8","Non","Oui","Oui","Caritatif","","","","","","","","","","GPA","","","","A","","Oui","","","","",""
"2016/11/22 11:36:39 AM GMT+1","un homme","Oui","Oui","8","6","6","Non","Oui","Oui","Sociabilité","","","","","","","Non","","","GPA","","H","","","","Non","","","I","",""
"2016/11/22 11:36:41 AM GMT+1","un homme","Oui","Oui","8","8","4","Oui","Non","Non","Sport","Basket","Non","","","","","","","","GDA","","G","","","","Non","","","E","",""
"2016/11/22 11:36:41 AM GMT+1","un homme","Non","Non","10","10","7","Oui","Non","Oui","Sociabilité","","","","","","","Oui","","","GDA","","","","G","","Oui","","","","",""
"2016/11/22 11:37:04 AM GMT+1","une fille","Non","Non","7","2","8","Non","Oui","Oui","Informatique","","","","","Oui","","","","","GDA","","","","","","Oui","","","","",""
"2016/11/22 11:37:09 AM GMT+1","un homme","Non","Non","8","4","6","Oui","Non","Oui","Sport","Athlétisme","Oui","","","","","","","","GPA","D","","","","","Non","","I","","",""
"2016/11/22 11:37:12 AM GMT+1","une fille","Non","Oui","9","6","8","Oui","Oui","Oui","Sociabilité","","","","","","","Non","","","GDA","","B","","","","Oui","","","","",""
"2016/11/22 11:37:18 AM GMT+1","une fille","Non","Oui","9","5","4","Oui","Non","Non","Sociabilité","","","","","","","Oui","","","GDA","","D","","","","Oui","","","","",""
"2016/11/22 11:37:41 AM GMT+1","une fille","Non","Oui","10","9","8","Oui","Oui","Non","Sociabilité","","","","","","","Oui","","","GDA","","","H","","","Oui","","","","",""
"2016/11/22 11:37:46 AM GMT+1","un homme","Oui","Oui","3","1","10","Non","Oui","Oui","Musique","","","Orchestre","Ca m'est égal","","","","","","GDA","B","","","","","Oui","","","","",""
"2016/11/22 11:37:47 AM GMT+1","un homme","Non","Oui","10","8","7","Oui","Oui","Oui","Sport","Rugby","Oui","","","","","","","","GPA","","C","","","","Oui","","","","",""
"2016/11/22 11:37:52 AM GMT+1","un homme","Non","Oui","5","2","7","Oui","Oui","Oui","Musique","","","Seul","Ca m'est égal","","","","","","GPA","","","F","","","Oui","","","","",""
"2016/11/22 11:37:52 AM GMT+1","un homme","Non","Non","9","8","2","Oui","Non","Non","Sport","Aviron","Oui","","","","","","","","GPA","","","F","","","Non","","","","","F"
"2016/11/22 11:38:02 AM GMT+1","un homme","Non","Non","8","8","3","Oui","Non","Non","Sociabilité","","","","","","","Oui","","","GDA","","","","I","","Oui","","","","",""
"2016/11/22 11:38:08 AM GMT+1","un homme","Non","Oui","10","10","7","Oui","Non","Oui","Soirée","","","","","","","Oui","","","GDA","","","","G","","Oui","","","","",""
"2016/11/22 11:38:09 AM GMT+1","un homme","Non","Oui","8","8","8","Non","Non","Non","Sport","Athlétisme","Non","","","","","","","","GDA","","","H","","","Oui","","","","",""
"2016/11/22 11:38:12 AM GMT+1","un homme","Non","Oui","10","8","10","Non","Oui","Non","Sociabilité","","","","","","","Non","","","GDA","","","I","","","Oui","","","","",""
"2016/11/22 11:38:19 AM GMT+1","un homme","Oui","Oui","10","9","7","Oui","Non","Oui","Soirée","","","","","","","Oui","","","GDA","","C","","","","Oui","","","","",""
"2016/11/22 11:38:24 AM GMT+1","un homme","Oui","Oui","10","10","5","Oui","Non","Non","Sociabilité","","","","","","","Oui","","","GPA","","","","H","","Oui","","","","",""
"2016/11/22 11:38:28 AM GMT+1","un homme","Oui","Oui","10","10","8","Oui","Non","Non","Soirée","","","","","","","Oui","","","GDA","","","","","G","Oui","","","","",""
"2016/11/22 11:38:47 AM GMT+1","un homme","Oui","Oui","5","5","8","Oui","Oui","Oui","Musique","","","Seul","Ca m'est égal","","","","","","GDA","F","","","","","Oui","","","","",""
"2016/11/22 11:38:50 AM GMT+1","un homme","Oui","Oui","9","7","7","Oui","Non","Non","Sport","Athlétisme","Oui","","","","","","","","GDA","","I","","","","Oui","","","","",""
"2016/11/22 11:38:57 AM GMT+1","un homme","Non","Oui","8","3","7","Non","Oui","Oui","Informatique","","","","","Non","","","","","GPA","","F","","","","Oui","","","","",""
"2016/11/22 11:38:59 AM GMT+1","un homme","Oui","Oui","10","9","7","Oui","Non","Non","Sociabilité","","","","","","","Oui","","","GDA","","","E","","","Oui","","","","",""
"2016/11/22 11:39:29 AM GMT+1","un homme","Oui","Oui","7","8","6","Oui","Oui","Oui","Sport","Foot","Non","","","","","","","","GDA","","","G","","","Oui","","","","",""
"2016/11/22 11:39:32 AM GMT+1","un homme","Non","Oui","7","4","7","Oui","Oui","Oui","Sport","Foot","Non","","","","","","","","GDA","","","","","","Oui","","","","",""
"2016/11/22 11:39:45 AM GMT+1","un homme","Non","Non","9","7","6","Oui","Oui","Non","Professionnel","","","","","","","","","","GPA","","","","H","","Oui","","","","",""
"2016/11/22 11:39:45 AM GMT+1","une fille","Non","Oui","8","7","4","Oui","Non","Non","Art","","","","","","","","","","GDA","","","","I","","Oui","","","","",""
"2016/11/22 11:40:26 AM GMT+1","un homme","Non","Non","10","8","7","Oui","Non","Oui","Informatique","","","","","Non","","","","","GDA","","D","","","","Oui","","","","",""
"2016/11/22 11:40:34 AM GMT+1","un homme","Non","Oui","8","6","8","Oui","Non","Oui","Musique","","","Groupe","Oui","","","","","","GDA","","","","I","","Oui","","","","",""
"2016/11/22 11:40:48 AM GMT+1","un homme","Non","Non","10","7","7","Non","Oui","Non","Sport","Rugby","Oui","","","","","","","","GPA","C","","","","","Oui","","","","",""
"2016/11/22 11:40:52 AM GMT+1","un homme","Non","Non","8","6","8","Non","Non","Non","Art","","","","","","","","","","GPA","","E","","","","Non","","","","I",""
"2016/11/22 11:41:04 AM GMT+1","un homme","Non","Non","9","8","6","Oui","Non","Oui","Musique","","","Groupe","Ca m'est égal","","","","","","GPA","","","","F","","Oui","","","","",""
"2016/11/22 11:41:06 AM GMT+1","un homme","Oui","Non","7","5","9","Oui","Oui","Non","Professionnel","","","","","","","","","","GPA","F","","","","","Oui","","","","",""
"2016/11/22 11:41:07 AM GMT+1","un homme","Non","Non","7","4","6","Non","Oui","Oui","Musique","","","Seul","Ca m'est égal","","","","","","GPA","","B","","","","Oui","","","","",""
"2016/11/22 11:41:30 AM GMT+1","un homme","Non","Non","3","5","7","Non","Oui","Non","Sport","Foot","Non","","","","","","","","GPA","","","","F","","Oui","","","","",""
"2016/11/22 11:42:27 AM GMT+1","un homme","Oui","Oui","7","5","7","Non","Oui","Oui","Amitié","","","","","","","","","","GDA","","B","","","","Oui","","","","",""
"2016/11/22 11:42:33 AM GMT+1","un homme","Oui","Oui","8","5","7","Oui","Oui","Oui","Sport","Volley","Non","","","","","","","","GPA","","H","","","","Oui","","","","",""
"2016/11/22 11:43:30 AM GMT+1","un homme","Non","Oui","7","4","9","Oui","Oui","Oui","Musique","","","Orchestre","Ca m'est égal","","","","","","GDA","","","","L","","Oui","","","","",""
"2016/11/22 11:43:55 AM GMT+1","une fille","Non","Non","8","6","4","Non","Oui","Oui","Caritatif","","","","","","","","","","GDA","","B","","","","Oui","","","","",""
"2016/11/22 11:44:34 AM GMT+1","un homme","Non","Oui","6","6","4","Non","Oui","Oui","Professionnel","","","","","","","","","","GPA","G","","","","","Oui","","","","",""
"2016/11/22 11:45:04 AM GMT+1","un homme","Non","Non","10","10","5","Oui","Non","Oui","Sociabilité","","","","","","","Oui","","","GPA","G","","","","","Non","","","","F",""
"2016/11/22 11:45:08 AM GMT+1","une fille","Non","Oui","9","7","7","Non","Non","Oui","Sociabilité","","","","","","","Oui","","","GPA","","","","","F","Oui","","","","",""
"2016/11/22 11:45:18 AM GMT+1","un homme","Non","Non","6","6","5","Non","Non","Oui","Musique","","","Groupe","Ca m'est égal","","","","","","GPA","","","","F","","Oui","","","","",""
"2016/11/22 11:45:21 AM GMT+1","","Oui","Oui","9","7","6","Oui","Oui","Non","Soirée","","","","","","","Oui","","","GDA","","H","","","","Oui","","","","",""
"2016/11/22 11:45:31 AM GMT+1","un homme","Non","Oui","9","8","3","Oui","Non","Non","Sport","Rugby","Oui","","","","","","","","GPA","","C","","","","Oui","","","","",""
"2016/11/22 11:45:50 AM GMT+1","un homme","Oui","Oui","2","1","7","Non","Oui","Oui","Jeux vidéos","","","","","","","","Oui","","GDA","","K","","","","Oui","","","","",""
"2016/11/22 11:46:47 AM GMT+1","un homme","Non","Oui","10","8","8","Non","Oui","Oui","Sociabilité","","","","","","","Oui","","","GPA","H","","","","","Non","","G","H","",""
"2016/11/22 11:47:27 AM GMT+1","un homme","Non","Oui","10","10","5","Oui","Non","Non","Soirée","","","","","","","Oui","","","GDA","","","","C","","Oui","","","","",""
"2016/11/22 11:47:55 AM GMT+1","un homme","Non","Oui","10","8","3","Oui","Non","Oui","Sociabilité","","","","","","","Oui","","","GDA","","","D","","","Oui","","","","",""
"2016/11/22 11:48:24 AM GMT+1","une femme","Non","Oui","10","10","8","Oui","Non","Oui","Débilité ","","","","","","","","","","GDA","","D","","","","Oui","","","","",""
"2016/11/22 11:49:31 AM GMT+1","un homme","Non","Non","7","9","5","Non","Oui","Oui","Jeux vidéos","","","","","","","","Oui","","GDA","","","","D","","Oui","","","","",""
"2016/11/22 11:50:06 AM GMT+1","un homme","Oui","Oui","10","8","3","Oui","Non","Non","Sociabilité","","","","","","","Oui","","","GPA","","","","A","","Non","","D","I","E","F"
"2016/11/22 11:50:13 AM GMT+1","un homme","Non","Non","9","3","6","Oui","Oui","Non","Soirée","","","","","","","Non","","","GPA","C","","","","","Non","","I","A","G","G"
"2016/11/22 11:51:00 AM GMT+1","une femme","Non","Oui","10","5","6","Oui","Oui","Non","Caritatif","","","","","","","","","","GDA","","","G","","","Oui","","","","",""
"2016/11/22 11:51:47 AM GMT+1","une femme","Oui","Oui","8","6","3","Oui","Oui","Oui","Sociabilité","","","","","","","Non","","","GPA","","A","","","","Non","","G","","",""
"2016/11/22 11:51:51 AM GMT+1","une femme","Non","Oui","8","7","8","Non","Non","Oui","Art","","","","","","","","","","GDA","","","","I","","Oui","","","","",""
"2016/11/22 11:51:54 AM GMT+1","un homme","Non","Oui","1","1","7","Non","Oui","Oui","Professionnel","","","","","","","","","","GDA","I","","","","","Oui","","","","",""
"2016/11/22 11:51:57 AM GMT+1","une femme","Non","Oui","6","5","7","Oui","Oui","Oui","Sociabilité","","","","","","","Non","","","GPA","","","C","","","Non","","","","",""
"2016/11/22 11:52:11 AM GMT+1","un homme","Non","Non","9","7","8","Non","Oui","Non","Sociabilité","","","","","","","Non","","","GPA","","","","F","","Oui","","","","",""
"2016/11/22 11:52:31 AM GMT+1","un homme","Non","Oui","7","6","5","Non","Oui","Oui","Jeux vidéos","","","","","","","","Oui","","GDA","","","D","","","Oui","","","","",""
"2016/11/22 11:52:46 AM GMT+1","un homme","Oui","Oui","3","3","7","Non","Oui","Oui","Sport","Aviron","Oui","","","","","","","","GPA","","","","","L","Oui","","","","",""
"2016/11/22 11:52:56 AM GMT+1","un homme","Oui","Oui","8","6","8","Non","Oui","Oui","Informatique","","","","","Oui","","","","","GPA","","G","","","","Oui","","","","",""
"2016/11/22 11:53:27 AM GMT+1","une femme","Non","Oui","10","7","7","Oui","Oui","Oui","Sport","Athlétisme","Oui","","","","","","","","GPA","","I","","","","Oui","","","","",""
"2016/11/22 11:53:42 AM GMT+1","un homme","Non","Oui","8","8","5","Oui","Non","Oui","Sociabilité","","","","","","","Oui","","","GDA","","","","G","","Oui","","","","",""
"2016/11/22 11:53:59 AM GMT+1","un homme","Oui","Oui","10","1","3","Non","Oui","Oui","Musique","","","Groupe","Ca m'est égal","","","","","","GPA","A","","","","","Non","","A","","",""
"2016/11/22 11:54:00 AM GMT+1","un homme","Non","Non","5","3","10","Oui","Oui","Oui","Sociabilité","","","","","","","Non","","","GPA","A","","","A","","Oui","","","","",""
"2016/11/22 11:54:13 AM GMT+1","un homme","Non","Non","8","8","6","Oui","Oui","Non","Soirée","","","","","","","Oui","","","GPA","","","","","F","Oui","","","","",""
"2016/11/22 11:54:14 AM GMT+1","un homme","Oui","Oui","8","6","8","Non","Oui","Oui","Informatique","","","","","Oui","","","","","GPA","","G","","","","Oui","","","","",""
"2016/11/22 11:54:33 AM GMT+1","une femme","Oui","Oui","8","9","6","Oui","Oui","Non","Soirée","","","","","","","Oui","","","GPA","","","B","","","Non","","C","C","G","G"
"2016/11/22 11:55:26 AM GMT+1","une femme","Non","Non","8","7","7","Non","Oui","Oui","Sociabilité","","","","","","","Non","","","GPA","","","","C","","Oui","","","","",""
"2016/11/22 11:55:31 AM GMT+1","un homme","Non","Non","8","6","7","Non","Oui","Oui","Sport","Athlétisme","Oui","","","","","","","","GPA","","","F","","","Oui","","","","",""
"2016/11/22 11:56:06 AM GMT+1","un homme","Non","Non","9","6","5","Non","Non","Oui","Snowboard","","","","","","","","","","GPA","","D","","","","Oui","","","","",""
"2016/11/22 11:56:06 AM GMT+1","un homme","Non","Oui","10","5","10","Non","Oui","Non","Art","","","","","","","","","","GPA","","D","","","","Non","A","A","A","A","A"
"2016/11/22 11:56:54 AM GMT+1","une femme","Oui","Oui","10","9","5","Oui","Non","Non","Sociabilité","","","","","","","Oui","","","GDA","","","H","","","Oui","","","","",""
"2016/11/22 11:57:03 AM GMT+1","un homme","Non","Oui","7","2","7","Non","Oui","Oui","Informatique","","","","","Non","","","","","GPA","","","D","","","Oui","","","","",""
"2016/11/22 11:57:09 AM GMT+1","une femme","Non","Oui","10","8","6","Oui","Non","Non","Sociabilité","","","","","","","Oui","","","GDA","","","","C","","Oui","","","","",""
"2016/11/22 11:57:41 AM GMT+1","une femme","Non","Non","10","9","9","Non","Oui","Oui","Sociabilité","","","","","","","Oui","","","GPA","","","D","","","Oui","","","","",""
"2016/11/22 11:59:09 AM GMT+1","un homme","Oui","Oui","3","1","8","Oui","Oui","Oui","Sport","Handball","Non","","","","","","","","GPA","G","","","","","Non","","A","","",""
"2016/11/22 11:59:28 AM GMT+1","un homme","Oui","Oui","6","5","7","Non","Oui","Oui","Informatique","","","","","Oui","","","","","GPA","","F","","","","Oui","","","","",""
"2016/11/22 11:59:34 AM GMT+1","un homme","Non","Oui","10","3","8","Oui","Oui","Oui","Professionnel","","","","","","","","","","GDA","A","","","","","Non","","B","","",""
"2016/11/22 12:02:12 PM GMT+1","un homme","Non","Oui","10","10","8","Oui","Non","Non","Soirée","","","","","","","Oui","","","GDA","","","","F","","Oui","","","","",""
"2016/11/22 12:02:33 PM GMT+1","un homme","Non","Oui","10","8","7","Non","Oui","Oui","Musique","","","Seul","Ca m'est égal","","","","","","GDA","","B","","","","Oui","","","","",""
"2016/11/22 12:03:31 PM GMT+1","une femme","Oui","Oui","7","7","8","Non","Non","Non","Sociabilité","","","","","","","Non","","","GPA","","G","","","","Oui","","","","",""
"2016/11/22 12:03:59 PM GMT+1","un homme","Non","Oui","10","4","5","Non","Oui","Oui","Sociabilité","","","","","","","Non","","","GDA","","B","","","","Oui","","","","",""
"2016/11/22 12:04:12 PM GMT+1","une femme","Oui","Oui","10","7","9","Oui","Oui","Non","Sociabilité","","","","","","","Oui","","","GDA","","H","","","","Oui","","","","",""
"2016/11/22 12:04:16 PM GMT+1","un homme","Non","Non","9","7","10","Oui","Non","Oui","Musique","","","Fanfare","Oui","","","","","","GDA","","","","D","","Oui","","","","",""
"2016/11/22 12:04:49 PM GMT+1","un homme","Non","Oui","8","4","7","Non","Oui","Oui","Musique","","","Fanfare","Oui","","","","","","GPA","B","B","B","","","Oui","","","","",""
"2016/11/22 12:05:08 PM GMT+1","un homme","Non","Non","10","10","4","Oui","Non","Non","Sociabilité","","","","","","","Oui","","","GDA","","","","C","","Oui","","","","",""
"2016/11/22 12:06:55 PM GMT+1","un homme","Non","Non","7","7","5","Non","Oui","Oui","Professionnel","","","","","","","","","","GPA","","F","","","","Oui","","","","",""
"2016/11/22 12:06:59 PM GMT+1","un homme","Non","Non","7","7","7","Non","Oui","Oui","Professionnel","","","","","","","","","","GPA","","A","","","","Oui","","","","",""
"2016/11/22 12:09:08 PM GMT+1","une femme","Non","Oui","10","7","10","Oui","Oui","Non","Assos","","","","","","","","","","GPA","","","","","G","Oui","","","","",""
"2016/11/22 12:09:30 PM GMT+1","un homme","Non","Oui","8","6","5","Oui","Oui","Oui","Musique","","","Seul","Oui","","","","","","GDA","","E","","","","Oui","","","","",""
"2016/11/22 12:11:48 PM GMT+1","un homme","Non","Oui","10","10","6","Oui","Non","Non","Soirée","","","","","","","Oui","","","GPA","H","","","","","Oui","","","","",""
"2016/11/22 12:13:24 PM GMT+1","un homme","Non","Oui","9","9","5","Oui","Non","Non","associatif","","","","","","","","","","GPA","H","","","","","Non","","","","G",""
"2016/11/22 12:13:43 PM GMT+1","un homme","Non","Oui","8","8","5","Non","Oui","Oui","Sociabilité","","","","","","","Oui","","","GPA","F","","","","","Non","","I","","",""
"2016/11/22 12:13:50 PM GMT+1","un homme","Non","Oui","9","9","4","Oui","Oui","Non","Sociabilité","","","","","","","Oui","","","GDA","","D","","","","Oui","","","","",""
"2016/11/22 12:14:10 PM GMT+1","un homme","Non","Non","10","9","6","Oui","Oui","Non","Soirée","","","","","","","Oui","","","GPA","","","","","G","Oui","","","","",""
"2016/11/22 12:14:11 PM GMT+1","un homme","Non","Oui","10","9","6","Oui","Non","Non","Sociabilité","","","","","","","Oui","","","GDA","","","C","","","Oui","","","","",""
"2016/11/22 12:15:06 PM GMT+1","un homme","Non","Oui","10","10","4","Oui","Non","Non","Soirée","","","","","","","Oui","","","GDA","","","","","F","Oui","","","","",""
"2016/11/22 12:15:09 PM GMT+1","un homme","Non","Oui","6","3","3","Oui","Oui","Oui","Art","","","","","","","","","","GPA","","F","","","","Non","","","","",""
"2016/11/22 12:15:10 PM GMT+1","un homme","Oui","Oui","10","10","7","Oui","Non","Oui","Soirée","","","","","","","Oui","","","GPA","","","","C","","Oui","","","","",""
"2016/11/22 12:16:17 PM GMT+1","un homme","Non","Non","3","1","7","Non","Oui","Oui","Caritatif","","","","","","","","","","GDA","K","","","","","Oui","","","","",""
"2016/11/22 12:19:09 PM GMT+1","un homme","Non","Non","8","6","4","Oui","Non","Oui","Sport","Athlétisme","Non","","","","","","","","GDA","","I","","","","Oui","","","","",""
"2016/11/22 12:19:25 PM GMT+1","un homme","Non","Non","10","10","5","Oui","Oui","Oui","Sociabilité","","","","","","","Oui","","","GDA","","","H","","","Oui","","","","",""
"2016/11/22 12:21:10 PM GMT+1","une femme","Non","Oui","9","8","7","Oui","Non","Oui","Sociabilité","","","","","","","Oui","","","GDA","","C","","","","Oui","","","","",""
"2016/11/22 12:22:06 PM GMT+1","un homme","Non","Oui","8","5","7","Oui","Oui","Oui","Sport","Athlétisme","Non","","","","","","","","GPA","I","","","","","Oui","","","","",""
"2016/11/22 12:22:25 PM GMT+1","une femme","Oui","Oui","8","8","6","Oui","Oui","Oui","Sociabilité","","","","","","","Non","","","GDA","B","","","","","Non","","","","G",""
"2016/11/22 12:22:40 PM GMT+1","une femme","Non","Non","9","7","6","Non","Oui","Oui","Soirée","","","","","","","Oui","","","GDA","","","","G","","Oui","","","","",""
"2016/11/22 12:24:07 PM GMT+1","un homme","Oui","Oui","10","10","10","Oui","Oui","Oui","Sociabilité","","","","","","","Non","","","GDA","","L","","","","Oui","","","","",""
"2016/11/22 12:24:23 PM GMT+1","un homme","Non","Non","10","8","3","Oui","Non","Non","Soirée","","","","","","","Oui","","","GPA","","","","F","","Non","","C","","",""
"2016/11/22 12:24:38 PM GMT+1","un homme","Non","Non","7","5","6","Non","Oui","Non","Sport","Athlétisme","Oui","","","","","","","","GPA","I","","","","","Oui","","","","",""
"2016/11/22 12:24:40 PM GMT+1","un homme","Non","Non","9","8","7","Oui","Non","Oui","Sport","Boxe","Non","","","","","","","","GPA","","","F","","","Non","","","","","G"
"2016/11/22 12:25:24 PM GMT+1","un homme","Non","Oui","3","1","5","Oui","Oui","Non","Jeux vidéos","","","","","","","","Oui","","GPA","","","","F","","Non","","","","B",""
"2016/11/22 12:25:36 PM GMT+1","un homme","Non","Non","9","9","4","Oui","Non","Oui","Soirée","","","","","","","Oui","","","GPA","","","","F","","Oui","","","","",""
"2016/11/22 12:27:47 PM GMT+1","un homme","Oui","Oui","10","4","8","Oui","Oui","Oui","Caritatif","","","","","","","","","","GDA","","B","","","","Oui","","","","",""
"2016/11/22 12:28:06 PM GMT+1","un homme","Non","Oui","8","9","5","Oui","Non","Oui","Art","","","","","","","","","","GPA","","","","","F","Oui","","","","",""
"2016/11/22 12:28:55 PM GMT+1","une femme","Non","Oui","8","5","5","Non","Oui","Non","Sport","Athlétisme","Oui","","","","","","","","GPA","","","","","F","Oui","","","","",""
"2016/11/22 12:32:02 PM GMT+1","un homme","Non","Oui","7","7","4","Non","Non","Oui","Bonne question","","","","","","","","","","GPA","","","","F","","Oui","","","","",""
"2016/11/22 12:32:42 PM GMT+1","une femme","Oui","Oui","9","7","8","Non","Oui","Oui","Sociabilité","","","","","","","Oui","","","GDA","","","","","G","Oui","","","","",""
"2016/11/22 12:33:33 PM GMT+1","un homme","Non","Oui","8","8","6","Oui","Non","Non","Soirée","","","","","","","Oui","","","GPA","","","H","","","Oui","","","","",""
"2016/11/22 12:37:02 PM GMT+1","une femme","Oui","Oui","9","8","9","Non","Non","Oui","Sociabilité","","","","","","","Non","","","GPA","","","G","","","Oui","","","","",""
"2016/11/22 12:38:01 PM GMT+1","un homme","Non","Oui","9","7","5","Oui","Non","Non","Informatique","","","","","Non","","","","","GDA","","D","","","","Oui","","","","",""
"2016/11/22 12:38:23 PM GMT+1","un homme","Non","Non","10","10","3","Non","Non","Non","Sport","Rugby","Oui","","","","","","","","GDA","","","","","G","Oui","","","","",""
"2016/11/22 12:39:07 PM GMT+1","un homme","Oui","Oui","10","5","10","Non","Oui","Oui","Musique","","","Fanfare","Oui","","","","","","GPA","","","F","","","Oui","","","","",""
"2016/11/22 12:40:56 PM GMT+1","une femme","Oui","Oui","10","8","7","Oui","Non","Non","Soirée","","","","","","","Oui","","","GDA","","","","H","","Oui","","","","",""
"2016/11/22 12:42:38 PM GMT+1","un homme","Non","Non","10","8","3","Oui","Non","Oui","Sociabilité","","","","","","","Oui","","","GDA","","","G","","","Oui","","","","",""
"2016/11/22 12:44:24 PM GMT+1","un homme","Non","Oui","5","3","6","Non","Oui","Oui","Musique","","","Groupe","Oui","","","","","","GPA","D","","","","","Oui","","","","",""
"2016/11/22 12:45:30 PM GMT+1","un homme","Oui","Non","4","3","3","Non","Oui","Oui","Calme, parfois de la musique, mais chez moi","","","","","","","","","","GPA","","A","","","","Oui","","","","",""
"2016/11/22 12:46:53 PM GMT+1","une femme","Non","Oui","7","3","8","Non","Oui","Oui","Sport","Volley","Oui","","","","","","","","GPA","","","F","","","Non","","","G","",""
"2016/11/22 12:47:04 PM GMT+1","un homme","Non","Oui","9","7","7","Non","Non","Non","Musique","","","Seul","Ca m'est égal","","","","","","GPA","C","","","","","Non","","","","E",""
"2016/11/22 12:49:02 PM GMT+1","une femme","Oui","Oui","10","7","7","Oui","Oui","Non","Musique","","","Groupe","Ca m'est égal","","","","","","GPA","","","H","","","Oui","","","","",""
"2016/11/22 12:49:37 PM GMT+1","un homme","Non","Oui","10","7","6","Oui","Non","Oui","Sociabilité","","","","","","","Oui","","","GDA","","D","","","","Oui","","","","",""
"2016/11/22 12:52:01 PM GMT+1","une femme","Oui","Oui","10","1","8","Oui","Oui","Oui","Movies","","","","","","","","","","GPA","","F","","","","Non","","G","","",""
"2016/11/22 12:52:19 PM GMT+1","un homme","Non","Oui","10","3","7","Non","Oui","Oui","Musique","","","Fanfare","Oui","","","","","","GPA","","","","B","","Oui","","","","",""
"2016/11/22 12:53:18 PM GMT+1","un homme","Non","Oui","10","8","5","Oui","Non","Non","Soirée","","","","","","","Oui","","","GPA","E","","","","","Non","","","","","G"
"2016/11/22 12:54:42 PM GMT+1","un homme","Non","Oui","8","6","6","Oui","Oui","Oui","Sociabilité","","","","","","","Oui","","","GPA","","H","","","","Oui","","","","",""
"2016/11/22 12:54:46 PM GMT+1","un homme","Non","Oui","7","5","7","Oui","Oui","Oui","Musique","","","Groupe","Oui","","","","","","GDA","","","G","","","Oui","","","","",""
"2016/11/22 12:56:58 PM GMT+1","un homme","Non","Oui","8","1","3","Non","Oui","Oui","Musique","","","Fanfare","Oui","","","","","","GPA","","","A","","","Non","","","D","",""
"2016/11/22 1:00:48 PM GMT+1","un homme","Oui","Oui","10","10","10","Oui","Non","Non","Sport","Rugby","Non","","","","","","","","GDA","","E","","","","Non","","","","E",""
"2016/11/22 1:01:52 PM GMT+1","un homme","Non","Oui","8","3","5","Non","Oui","Oui","Sociabilité","","","","","","","Non","","","GPA","","","A","","","Oui","","","","",""
"2016/11/22 1:04:35 PM GMT+1","un homme","Non","Non","10","8","1","Oui","Non","Non","Sport","Aviron","Non","","","","","","","","GPA","","","","E","","Oui","","","","",""
"2016/11/22 1:04:40 PM GMT+1","un homme","Non","Non","8","6","6","Oui","Oui","Non","Musique","","","Fanfare","Ca m'est égal","","","","","","GPA","","","","A","","Non","","","","",""
"2016/11/22 1:05:27 PM GMT+1","un homme","Oui","Oui","1","1","8","Non","Oui","Oui","Informatique","","","","","Oui","","","","","GPA","","A","","","","Oui","","","","",""
"2016/11/22 1:05:46 PM GMT+1","un homme","Non","Oui","8","9","3","Oui","Oui","Oui","Sport","Volley","Oui","","","","","","","","GPA","","","","F","","Oui","","","","",""
"2016/11/22 1:05:47 PM GMT+1","une femme","Non","Non","9","8","8","Non","Non","Non","Manger","","","","","","","","","","GDA","","","C","","","Oui","","","","",""
"2016/11/22 1:08:46 PM GMT+1","un homme","Oui","Non","7","7","8","Oui","Oui","Non","Sport","Boxe","Non","","","","","","","","GPA","","","","F","","Non","","","H","",""
"2016/11/22 1:12:04 PM GMT+1","un homme","Non","Oui","10","8","8","Oui","Oui","Oui","Sport","Athlétisme","Non","","","","","","","","GPA","","","F","","","Oui","","","","",""
"2016/11/22 1:13:21 PM GMT+1","un homme","Non","Non","7","7","9","Oui","Non","Oui","Professionnel","","","","","","","","","","GPA","","","","F","","Oui","","","","",""
"2016/11/22 1:13:37 PM GMT+1","une femme","Oui","Oui","8","6","6","Oui","Oui","Oui","Sociabilité","","","","","","","Non","","","GPA","","F","","","","Non","","A","B","A",""
"2016/11/22 1:16:29 PM GMT+1","une femme","Oui","Oui","3","2","10","Non","Oui","Oui","Informatique","","","","","Oui","","","","","GPA","","","D","","","Oui","","","","",""
"2016/11/22 1:18:06 PM GMT+1","un homme","Non","Non","10","10","7","Oui","Non","Non","Sociabilité","","","","","","","Oui","","","GDA","","","","C","","Oui","","","","",""
"2016/11/22 1:18:56 PM GMT+1","un homme","Non","Non","8","7","7","Oui","Oui","Oui","Art","","","","","","","","","","GPA","","","","F","","Oui","","","","",""
"2016/11/22 1:20:18 PM GMT+1","un homme","Non","Oui","7","5","8","Oui","Oui","Oui","Informatique","","","","","Oui","","","","","GDA","D","","D","","","Oui","","","","",""
"2016/11/22 1:22:42 PM GMT+1","un homme","Non","Oui","8","5","7","Oui","Oui","Oui","Jeux vidéos","","","","","","","","Oui","","GPA","D","","","","","Oui","","","","",""
"2016/11/22 1:27:46 PM GMT+1","un homme","Non","Non","9","5","7","Non","Oui","Oui","Musique","","","Orchestre","Oui","","","","","","GPA","","","F","","","Oui","","","","",""
"2016/11/22 1:28:26 PM GMT+1","un homme","Non","Non","4","3","6","Non","Oui","Non","Musique","","","Groupe","Ca m'est égal","","","","","","GPA","E","","","","","Oui","","","","",""
"2016/11/22 1:31:01 PM GMT+1","un homme","Non","Oui","10","10","6","Oui","Non","Oui","Sport","Rugby","Non","","","","","","","","GDA","","","C","","","Oui","","","","",""
"2016/11/22 1:31:10 PM GMT+1","un homme","Non","Oui","9","8","8","Non","Oui","Oui","Sport","Basket","Non","","","","","","","","GDA","","","B","","","Oui","","","","",""
"2016/11/22 1:31:11 PM GMT+1","un homme","Non","Oui","9","7","5","Oui","Oui","Oui","sociabilité, caritatif et professionnel","","","","","","","","","","GPA","H","","","","","Non","","","H","H",""
"2016/11/22 1:34:02 PM GMT+1","un homme","Oui","Oui","9","5","5","Non","Oui","Oui","Sport","Foot","Oui","","","","","","","","GDA","B","","","","","Non","","","","",""
"2016/11/22 1:34:53 PM GMT+1","une femme","Non","Oui","10","10","5","Oui","Oui","Non","Sport","Aviron","Non","","","","","","","","GPA","","","","G","","Oui","","","","",""
"2016/11/22 1:35:08 PM GMT+1","un homme","Non","Non","7","7","10","Oui","Oui","Oui","Musique","","","Seul","Ca m'est égal","","","","","","GPA","","F","","","","Non","","","I","E",""
"2016/11/22 1:36:20 PM GMT+1","une femme","Oui","Oui","10","7","7","Oui","Non","Oui","Sport","Aviron","Oui","","","","","","","","GDA","D","","","D","","Oui","","","","",""
"2016/11/22 1:37:03 PM GMT+1","un homme","Non","Non","10","10","3","Oui","Non","Oui","Soirée","","","","","","","Oui","","","GDA","","","","H","","Oui","","","","",""
"2016/11/22 1:38:32 PM GMT+1","un homme","Non","Oui","4","5","7","Non","Oui","Oui","Informatique","","","","","Non","","","","","GPA","D","","","","","Non","","","D","",""
"2016/11/22 1:40:59 PM GMT+1","une femme","Non","Oui","10","9","9","Oui","Oui","Non","Sociabilité","","","","","","","Oui","","","GDA","","","C","","","Oui","","","","",""
"2016/11/22 1:47:31 PM GMT+1","un homme","Non","Oui","9","4","8","Oui","Oui","Oui","Jeux vidéos","","","","","","","","Oui","","GPA","","F","","","","Oui","","","","",""
"2016/11/22 1:50:15 PM GMT+1","un homme","Non","Non","9","6","7","Oui","Non","Non","Sociabilité","","","","","","","Non","","","GPA","","","","F","","Oui","","","","",""
"2016/11/22 1:57:23 PM GMT+1","un homme","Non","Non","9","9","6","Oui","Non","Oui","Sociabilité","","","","","","","Oui","","","GDA","","","","H","","Oui","","","","",""
"2016/11/22 1:57:35 PM GMT+1","une femme","Oui","Oui","10","8","8","Non","Non","Oui","Caritatif","","","","","","","","","","GDA","","","","H","","Oui","","","","",""
"2016/11/22 2:01:53 PM GMT+1","un homme","Non","Non","9","10","7","Oui","Non","Non","Soirée","","","","","","","Oui","","","GDA","","","","C","","Oui","","","","",""
"2016/11/22 2:03:15 PM GMT+1","une femme","Oui","Oui","10","10","4","Oui","Non","Non","Soirée","","","","","","","Oui","","","GPA","","","C","","","Oui","","","","",""
"2016/11/22 2:04:50 PM GMT+1","un homme","Non","Oui","8","5","6","Oui","Oui","Oui","Sport","Athlétisme","Non","","","","","","","","GDA","","","K","","","Non","","G","","",""
"2016/11/22 2:06:12 PM GMT+1","une femme","Non","Oui","9","8","7","Oui","Oui","Non","Sport","Handball","Oui","","","","","","","","GPA","","","","","F","Oui","","","","",""
"2016/11/22 2:06:40 PM GMT+1","un homme","Oui","Non","7","3","7","Oui","Oui","Oui","Informatique","","","","","Oui","","","","","GDA","","B","","","","Oui","","","","",""
"2016/11/22 2:07:55 PM GMT+1","un homme","Non","Oui","7","5","3","Non","Oui","Oui","Pas évident de se définir en un seul mot...","","","","","","","","","","GDA","","","G","","","Oui","","","","",""
"2016/11/22 2:12:06 PM GMT+1","une femme","Non","Non","10","8","7","Non","Non","Non","Sociabilité","","","","","","","Oui","","","GDA","","","","F","","Oui","","","","",""
"2016/11/22 2:16:33 PM GMT+1","un homme","Non","Oui","8","6","5","Non","Oui","Oui","Sport","Rugby","Oui","","","","","","","","GDA","","C","D","","","Oui","","","","",""
"2016/11/22 2:17:11 PM GMT+1","un homme","Non","Non","8","6","8","Non","Oui","Non","Sociabilité","","","","","","","Oui","","","GPA","","","","G","","Oui","","","","",""
"2016/11/22 2:18:02 PM GMT+1","un homme","Non","Non","9","6","9","Non","Non","Non","Jeux vidéos","","","","","","","","Oui","","GPA","","","","F","","Oui","","","","",""
"2016/11/22 2:18:21 PM GMT+1","un homme","Non","Oui","7","5","4","Oui","Oui","Non","Cinéma","","","","","","","","","","GPA","C","A","A","A","A","Non","","","B","",""
"2016/11/22 2:23:05 PM GMT+1","un homme","Non","Oui","10","10","3","Oui","Oui","Oui","Nul à chier","","","","","","","","","","GDA","","","D","","","Oui","","","","",""
"2016/11/22 2:23:54 PM GMT+1","un homme","Non","Oui","8","8","6","Non","Oui","Non","Sport","Aviron","Non","","","","","","","","GDA","","","","E","","Oui","","","","",""
"2016/11/22 2:28:16 PM GMT+1","un homme","Non","Oui","8","10","4","Oui","Non","Non","Soirée","","","","","","","Oui","","","GDA","","C","","","","Oui","","","","",""
"2016/11/22 2:31:54 PM GMT+1","un homme","Non","Non","9","7","3","Non","Non","Oui","Sociabilité","","","","","","","Non","","","GPA","","","I","","","Oui","","","","",""
"2016/11/22 2:33:25 PM GMT+1","une femme","Non","Non","9","8","7","Non","Non","Non","Sociabilité","","","","","","","Oui","","","GDA","","","C","","","Oui","","","","",""
"2016/11/22 2:36:24 PM GMT+1","un homme","Non","Oui","10","10","4","Oui","Non","Non","Sport","Rugby","Oui","","","","","","","","GPA","","","","","F","Oui","","","","",""
"2016/11/22 2:39:26 PM GMT+1","un homme","Non","Oui","10","7","3","Oui","Non","Non","Sociabilité","","","","","","","Oui","","","GDA","","D","","","","Oui","","","","",""
"2016/11/22 2:40:42 PM GMT+1","un homme","Non","Oui","10","7","7","Oui","Non","Non","Sociabilité","","","","","","","Oui","","","GPA","H","","","","","Non","","I","I","E",""
"2016/11/22 2:42:23 PM GMT+1","un homme","Non","Non","7","3","10","Oui","Oui","Oui","Sport","Aviron","Oui","","","","","","","","GPA","I","","","","","Non","","","","",""
"2016/11/22 2:43:23 PM GMT+1","un homme","Non","Oui","10","9","4","Non","Non","Oui","Sport","Rugby","Non","","","","","","","","GPA","","","H","","","Oui","","","","",""
"2016/11/22 2:43:28 PM GMT+1","un homme","Non","Oui","9","9","7","Oui","Non","Oui","Sport","Rugby","Oui","","","","","","","","GDA","","C","","","","Oui","","","","",""
"2016/11/22 2:46:41 PM GMT+1","une femme","Non","Oui","8","6","5","Non","Oui","Oui","Sport","Danse","Oui","","","","","","","","GPA","","","","","F","Oui","","","","",""
"2016/11/22 2:48:45 PM GMT+1","un homme","Non","Oui","9","8","6","Oui","Non","Non","Musique","","","Groupe","Oui","","","","","","GPA","","","F","","","Oui","","","","",""
"2016/11/22 3:15:24 PM GMT+1","un homme","Non","Oui","10","10","6","Oui","Non","Non","Sport","Foot","Non","","","","","","","","GPA","C","","","","","Oui","","","","",""
"2016/11/22 3:15:31 PM GMT+1","une femme","Non","Oui","10","8","6","Oui","Non","Non","Sociabilité","","","","","","","Oui","","","GDA","","","H","","","Oui","","","","",""
"2016/11/22 3:16:59 PM GMT+1","un homme","Non","Oui","10","10","3","Oui","Non","Non","Soirée","","","","","","","Oui","","","GDA","C","","","C","","Oui","","","","",""
"2016/11/22 3:18:49 PM GMT+1","un homme","Non","Non","10","10","8","Oui","Non","Oui","Sport","Rugby","Oui","","","","","","","","GPA","","","C","","","Oui","","","","",""
"2016/11/22 3:21:39 PM GMT+1","un homme","Non","Non","8","7","8","Non","Oui","Non","Professionnel","","","","","","","","","","GPA","C","","","","","Non","","","C","",""
"2016/11/22 3:23:57 PM GMT+1","un homme","Non","Oui","8","7","5","Oui","Non","Non","Sport","Handball","Oui","","","","","","","","GDA","","","G","","","Oui","","","","",""
"2016/11/22 3:26:21 PM GMT+1","une femme","Non","Non","8","1","10","Non","Oui","Oui","Caritatif","","","","","","","","","","GDA","","","","","","Non","","","B","",""
"2016/11/22 3:26:49 PM GMT+1","un homme","Oui","Oui","10","10","7","Non","Oui","Non","Sociabilité","","","","","","","Oui","","","GPA","","","C","","","Oui","","","","",""
"2016/11/22 3:32:12 PM GMT+1","une femme","Non","Oui","9","5","3","Non","Non","Oui","Sport","Tennis","Oui","","","","","","","","GDA","","G","","","","Oui","","","","",""
"2016/11/22 3:35:14 PM GMT+1","un homme","Oui","Oui","9","8","3","Oui","Non","Non","Sociabilité","","","","","","","Oui","","","GPA","","","C","","","Oui","","","","",""
"2016/11/22 3:47:27 PM GMT+1","un homme","Oui","Non","7","7","5","Oui","Oui","Non","Jeux vidéos","","","","","","","","Oui","Oui","GDA","L","L","","","","Oui","","","","",""
"2016/11/22 3:53:42 PM GMT+1","un homme","Oui","Oui","9","9","9","Oui","Non","Non","Sport","Foot","Non","","","","","","","","GDA","E","","","","","Non","","","","E",""
"2016/11/22 3:56:10 PM GMT+1","un homme","Non","Oui","10","10","3","Oui","Non","Non","Informatique","","","","","Oui","Non","","","","GDA","","","C","","","Oui","","","","",""
"2016/11/22 3:56:16 PM GMT+1","un homme","Non","Oui","8","8","5","Oui","Non","Oui","Sport","Rugby","Oui","","","","","","","","GPA","","C","","","","Oui","","","","",""
"2016/11/22 3:56:29 PM GMT+1","une femme","Non","Oui","6","4","2","Non","Oui","Oui","Jeux vidéos","","","","","","","","Oui","Oui","GDA","","","","B","","Oui","","","","",""
"2016/11/22 3:57:01 PM GMT+1","un homme","Non","Oui","6","8","6","Non","Oui","Oui","Les ravioles","","","","","","","","","","GPA","","","I","","","Oui","","","","",""
"2016/11/22 3:59:49 PM GMT+1","un homme","Non","Non","8","7","6","Non","Non","Non","Sociabilité","","","","","","","Oui","","","GDA","","","H","","","Oui","","","","",""
"2016/11/22 4:18:16 PM GMT+1","un homme","Non","Non","10","5","4","Oui","Oui","Oui","Sport","Boxe","Non","","","","","","","","GPA","","","","A","","Non","","","","G",""
"2016/11/22 4:21:11 PM GMT+1","un homme","Non","Non","8","10","3","Oui","Non","Non","Soirée","","","","","","","Oui","","","GPA","","","","","F","Oui","","","","",""
"2016/11/22 4:26:30 PM GMT+1","un homme","Non","Non","8","5","5","Oui","Oui","Non","Sociabilité","","","","","","","Oui","","","GPA","","","","F","","Oui","","","","",""
"2016/11/22 4:43:33 PM GMT+1","un homme","Oui","Oui","10","8","8","Oui","Non","Non","Soirée","","","","","","","Oui","","","GDA","","","B","","","Oui","","","","",""
"2016/11/22 4:58:30 PM GMT+1","un homme","Non","Oui","8","6","7","Non","Oui","Non","Sport","Escalade","Non","","","","","","","","GPA","","","F","","","Oui","","","","",""
"2016/11/22 5:04:41 PM GMT+1","un homme","Non","Oui","10","8","6","Oui","Non","Non","Sociabilité","","","","","","","Oui","","","GDA","","","","C","","Oui","","","","",""
"2016/11/22 5:15:38 PM GMT+1","un homme","Non","Oui","10","9","6","Oui","Oui","Non","Soirée","","","","","","","Oui","","","GPA","","","","","G","Oui","","","","",""
"2016/11/22 5:23:45 PM GMT+1","un homme","Non","Oui","7","7","7","Non","Non","Non","Sport","Rugby","Oui","","","","","","","","GPA","","","F","","","Oui","","","","",""
"2016/11/22 5:27:26 PM GMT+1","un homme","Non","Non","7","3","4","Oui","Oui","Oui","Jeux vidéos","","","","","","","","Oui","Oui","GPA","D","","","","","Non","","","","B",""
"2016/11/22 5:28:00 PM GMT+1","une femme","Non","Non","10","10","6","Oui","Non","Oui","Sociabilité","","","","","","","Oui","","","GDA","C","","","","","Non","","","H","G","G"
"2016/11/22 5:28:18 PM GMT+1","un homme","Non","Non","10","7","5","Oui","Oui","Non","Sociabilité","","","","","","","Non","","","GPA","","E","","","","Non","","","","",""
"2016/11/22 5:34:20 PM GMT+1","une femme","Oui","Oui","5","1","9","Non","Oui","Oui","Musique","","","Seul","Ca m'est égal","","","","","","GPA","","F","","","","Non","","L","","",""
"2016/11/22 5:35:16 PM GMT+1","un homme","Non","Oui","6","5","7","Oui","Non","Non","Musique","","","Groupe","Oui","","","","","","GPA","","","","I","","Oui","","","","",""
"2016/11/22 5:39:42 PM GMT+1","un homme","Non","Oui","3","1","6","Oui","Oui","Oui","Jeux vidéos","","","","","","","","Oui","Non","GDA","A","","","A","","Oui","","","","",""
"2016/11/22 5:40:32 PM GMT+1","une femme","Non","Oui","4","3","7","Non","Oui","Oui","Caritatif","","","","","","","","","","GPA","","","","E","","Oui","","","","",""
"2016/11/22 5:41:52 PM GMT+1","un homme","Non","Oui","10","10","6","Oui","Non","Non","Le Cailloux ! Sinon ça serait pas mal de laisser plusieurs choix","","","","","","","","","","GDA","C","C","","","","Oui","","","","",""
"2016/11/22 5:52:10 PM GMT+1","un homme","Non","Oui","10","7","6","Oui","Oui","Non","Soirée","","","","","","","Oui","","","GPA","C","","","","","Oui","","","","",""
"2016/11/22 5:55:49 PM GMT+1","une femme","Non","Non","10","8","5","Oui","Non","Non","Soirée","","","","","","","Oui","","","GPA","","","B","","","Oui","","","","",""
"2016/11/22 5:59:18 PM GMT+1","un homme","Oui","Oui","8","7","8","Oui","Oui","Oui","Sociabilité","","","","","","","Oui","","","GPA","","","","E","","Oui","","","","",""
"2016/11/22 5:59:19 PM GMT+1","un homme","Non","Oui","10","9","4","Non","Oui","Oui","Sport","Natation","Oui","","","","","","","","GDA","","","A","","","Non","","","","C",""
"2016/11/22 6:03:13 PM GMT+1","un homme","Non","Oui","10","10","1","Oui","Non","Non","Soirée","","","","","","","Oui","","","GDA","","","D","","","Oui","","","","",""
"2016/11/22 6:03:28 PM GMT+1","un homme","Non","Non","7","7","7","Oui","Oui","Oui","Sociabilité","","","","","","","Oui","","","GPA","","","F","","","Oui","","","","",""
"2016/11/22 6:10:26 PM GMT+1","un homme","Non","Oui","10","10","5","Oui","Non","Non","Soirée","","","","","","","Oui","","","GPA","","","","","F","Oui","","","","",""
"2016/11/22 6:20:04 PM GMT+1","un homme","Non","Oui","8","8","4","Oui","Non","Non","Sociabilité","","","","","","","Oui","","","GPA","","","","","F","Oui","","","","",""
"2016/11/22 6:20:46 PM GMT+1","un homme","Non","Oui","10","1","4","Non","Oui","Oui","Musique","","","chorale exte","Ca m'est égal","","","","","","GDA","","B","","","","Oui","","","","",""
"2016/11/22 6:23:44 PM GMT+1","un homme","Non","Oui","5","4","8","Oui","Oui","Oui","Professionnel","","","","","","","","","","GPA","I","","","","","Oui","","","","",""
"2016/11/22 6:29:42 PM GMT+1","un homme","Non","Non","4","2","5","Non","Oui","Oui","Jeux vidéos","","","","","","","","Oui","Oui","GPA","","L","","","","Oui","","","","",""
"2016/11/22 6:33:10 PM GMT+1","un homme","Non","Oui","10","7","6","Oui","Oui","Oui","Sport","Rugby","Oui","","","","","","","","GDA","","I","","","","Oui","","","","",""
"2016/11/22 6:44:16 PM GMT+1","un homme","Non","Non","10","10","5","Oui","Non","Non","Soirée","","","","","","","Oui","","","GPA","","","C","","","Oui","","","","",""
"2016/11/22 6:45:00 PM GMT+1","un homme","Non","Non","10","10","5","Oui","Non","Non","Soirée","","","","","","","Oui","","","GPA","","","C","","","Oui","","","","",""
"2016/11/22 6:53:04 PM GMT+1","un homme","Non","Oui","9","7","6","Oui","Oui","Oui","Art","","","","","","","","","","GPA","","","F","","","Oui","","","","",""
"2016/11/22 7:12:36 PM GMT+1","un homme","Non","Non","9","8","6","Oui","Oui","Oui","Soirée","","","","","","","Oui","","","GDA","","","","H","","Oui","","","","",""
"2016/11/22 7:16:18 PM GMT+1","un homme","Non","Oui","8","2","3","Oui","Oui","Non","Jeux vidéos","","","","","","","","Oui","Oui","GDA","","","","B","","Oui","","","","",""
"2016/11/22 7:20:58 PM GMT+1","un homme","Non","Non","9","9","6","Oui","Non","Non","Musique","","","Fanfare","Ca m'est égal","","","","","","GPA","","","","F","","Oui","","","","",""
"2016/11/22 7:28:00 PM GMT+1","un homme","Non","Oui","1","1","10","Non","Oui","Oui","Jeux vidéos","","","","","","","","Oui","Oui","GPA","B","","","","","Non","","L","","",""
"2016/11/22 7:51:39 PM GMT+1","un homme","Non","Non","7","3","8","Oui","Oui","Oui","Science","","","","","","","","","","GPA","D","","","","","Oui","","","","",""
"2016/11/22 7:51:54 PM GMT+1","une femme","Non","Oui","10","10","7","Oui","Non","Non","Sociabilité","","","","","","","Oui","","","GDA","","","","C","","Oui","","","","",""
"2016/11/22 7:53:32 PM GMT+1","un homme","Non","Oui","10","8","5","Oui","Oui","Oui","Informatique","","","","","Oui","Non","","","","GDA","","","H","","","Oui","","","","",""
"2016/11/22 7:58:45 PM GMT+1","un homme","Oui","Oui","10","10","8","Oui","Oui","Non","Art","","","","","","","","","","GPA","","F","","","","Oui","","","","",""
"2016/11/22 8:04:38 PM GMT+1","un homme","Non","Oui","9","7","6","Non","Oui","Oui","Sport","Aviron","Non","","","","","","","","GDA","","","D","","","Oui","","","","",""
"2016/11/22 8:06:37 PM GMT+1","un homme","Non","Non","10","10","4","Oui","Non","Oui","Sport","Badminton, comment oublier! Je suis choqué et déçu","Non","","","","","","","","GPA","","","F","","","Oui","","","","",""
"2016/11/22 8:08:21 PM GMT+1","un homme","Non","Non","10","10","7","Oui","Oui","Non","Sociabilité","","","","","","","Oui","","","GDA","","D","","","","Oui","","","","",""
"2016/11/22 8:26:55 PM GMT+1","un homme","Oui","Oui","5","3","7","Non","Oui","Oui","Sport","Basket","Non","","","","","","","","GPA","A","","","","","Oui","","","","",""
"2016/11/22 8:37:26 PM GMT+1","un homme","Oui","Oui","1","1","8","Non","Oui","Oui","Professionnel","","","","","","","","","","GPA","H","","","","","Non","L","A","L","A",""
"2016/11/22 8:50:10 PM GMT+1","un homme","Non","Non","10","10","10","Oui","Non","Oui","Soirée","","","","","","","Oui","","","GPA","","","","F","","Oui","","","","",""
"2016/11/22 9:17:22 PM GMT+1","un homme","Non","Non","6","5","7","Oui","Non","Non","Musique","","","Seul","Ca m'est égal","","","","","","GDA","","I","","","","Oui","","","","",""
"2016/11/22 9:34:34 PM GMT+1","un homme","Non","Oui","9","6","5","Oui","Non","Non","Sociabilité","","","","","","","Non","","","GDA","","","","","","Oui","","","","",""
"2016/11/22 10:01:57 PM GMT+1","un homme","Non","Non","10","10","8","Oui","Non","Oui","Sociabilité","","","","","","","Oui","","","GDA","","C","","","","Oui","","","","",""
"2016/11/22 10:54:37 PM GMT+1","une femme","Oui","Oui","10","10","7","Oui","Non","Non","Soirée","","","","","","","Oui","","","GPA","","","","C","","Oui","","","","",""
"2016/11/22 11:20:14 PM GMT+1","un homme","Oui","Oui","10","1","10","Non","Oui","Oui","Sport","Foot","Non","","","","","","","","GPA","L","","","","","Oui","","","","",""
"2016/11/22 11:31:56 PM GMT+1","un homme","Non","Oui","5","5","7","Non","Oui","Oui","Informatique","","","","","Oui","Oui","","","","GPA","","","D","","","Oui","","","","",""
"2016/11/22 11:34:15 PM GMT+1","une femme","Non","Non","10","9","9","Oui","Non","Non","Art","","","","","","","","","","GDA","","","","","G","Non","","","I","",""
"2016/11/22 11:39:05 PM GMT+1","un homme","Non","Non","8","1","8","Non","Oui","Oui","Sciences","","","","","","","","","","GPA","","L","","","","Oui","","","","",""
"2016/11/23 12:01:50 AM GMT+1","un homme","Non","Oui","8","7","9","Oui","Oui","Oui","Sport","Basket","Oui","","","","","","","","GPA","I","","","","","Oui","","","","",""
"2016/11/23 12:29:09 AM GMT+1","un homme","Oui","Oui","9","5","8","Non","Oui","Oui","Musique","","","Fanfare","Ca m'est égal","","","","","","GPA","","","F","","","Oui","","","","",""
"2016/11/23 12:54:20 AM GMT+1","un homme","Non","Oui","8","7","3","Oui","Non","Non","Sport","Athlétisme","Oui","","","","","","","","GPA","","","I","","","Oui","","","","",""
"2016/11/23 12:55:46 AM GMT+1","un homme","Non","Non","8","8","7","Oui","Oui","Non","Sociabilité","","","","","","","Non","","","GDA","","","","H","","Oui","","","","",""
"2016/11/23 1:25:03 AM GMT+1","un homme","Non","Oui","10","7","4","Oui","Non","Oui","Sport","Basket","Non","","","","","","","","GPA","","","A","","","Non","","I","","",""
"2016/11/23 1:52:55 AM GMT+1","un homme","Oui","Oui","6","6","8","Non","Oui","Oui","Musique","","","Groupe","Oui","","","","","","GPA","","","E","","","Non","","H","","",""
"2016/11/23 8:40:00 AM GMT+1","un homme","Non","Non","7","6","8","Non","Oui","Oui","Sport","Squash","Non","","","","","","","","GPA","I","","","","","Non","","B","","",""
"2016/11/23 8:52:04 AM GMT+1","une femme","Non","Oui","4","3","10","Non","Oui","Oui","Art","","","","","","","","","","GPA","A","","A","A","","Oui","","","","",""
"2016/11/23 9:17:53 AM GMT+1","un homme","Non","Oui","4","2","8","Non","Oui","Oui","Musique","","","Groupe","Non","","","","","","GDA","","","","L","","Oui","","","","",""
"2016/11/23 9:18:54 AM GMT+1","un homme","Non","Oui","8","6","6","Non","Oui","Oui","Sport","Aviron","Non","","","","","","","","GDA","","","","H","","Oui","","","","",""
"2016/11/23 9:50:49 AM GMT+1","une femme","Non","Oui","8","7","8","Non","Oui","Oui","Caritatif","","","","","","","","","","GPA","","","L","","","Oui","","","","",""
"2016/11/23 10:18:24 AM GMT+1","un homme","Non","Non","10","7","7","Non","Oui","Oui","Sociabilité","","","","","","","Oui","","","GPA","G","","","","","Non","","C","B","",""
"2016/11/23 10:30:01 AM GMT+1","un homme","Non","Oui","9","10","2","Oui","Non","Non","Soirée","","","","","","","Oui","","","GPA","","","","","F","Oui","","","","",""
"2016/11/23 10:34:42 AM GMT+1","une femme","Non","Oui","10","7","6","Oui","Oui","Non","Caritatif","","","","","","","","","","GPA","","","G","","","Oui","","","","",""
"2016/11/23 10:59:15 AM GMT+1","une femme","Non","Non","10","5","7","Oui","Oui","Oui","Art","","","","","","","","","","GDA","","","","","L","Oui","","","","",""
"2016/11/23 11:38:48 AM GMT+1","un homme","Oui","Oui","6","2","10","Non","Oui","Oui","Musique","","","Orchestre","Ca m'est égal","","","","","","GPA","F","","","","","Oui","","","","",""
"2016/11/23 11:51:23 AM GMT+1","un homme","Non","Oui","9","8","5","Oui","Non","Non","Sociabilité","","","","","","","Oui","","","GPA","","","","","F","Oui","","","","",""
"2016/11/23 11:57:29 AM GMT+1","un homme","Non","Oui","9","7","4","Non","Oui","Oui","Association","","","","","","","","","","GDA","","G","","","","Oui","","","","",""
"2016/11/23 1:22:01 PM GMT+1","un homme","Non","Non","8","8","6","Non","Oui","Non","Sociabilité","","","","","","","Oui","","","GDA","","","","","G","Oui","","","","",""
"2016/11/23 3:15:44 PM GMT+1","un homme","Non","Non","8","8","4","Oui","Non","Non","sport et soiree ","","","","","","","","","","GPA","","","","","F","Oui","","","","",""
"2016/11/23 3:16:34 PM GMT+1","un homme","Non","Oui","1","1","7","Non","Oui","Oui","Sport","Art Martiaux","Non","","","","","","","","GPA","A","","","","","Oui","","","","",""
"2016/11/23 3:19:23 PM GMT+1","un homme","Non","Oui","10","6","6","Non","Oui","Oui","Sport","Athlétisme","Non","","","","","","","","GDA","E","","","E","","Oui","","","","",""
"2016/11/23 3:42:20 PM GMT+1","un homme","Non","Non","8","7","4","Oui","Oui","Non","Sociabilité","","","","","","","Oui","","","GPA","","","G","","","Oui","","","","",""
"2016/11/23 4:52:41 PM GMT+1","un homme","Non","Non","10","6","4","Oui","Oui","Oui","Jeux vidéos","","","","","","","","Oui","Non","GDA","D","","","","","Non","","D","","",""
"2016/11/23 5:13:32 PM GMT+1","un homme","Non","Oui","9","7","8","Non","Oui","Oui","Professionnel","","","","","","","","","","GPA","","","A","","","Oui","","","","",""
"2016/11/23 6:04:26 PM GMT+1","un homme","Oui","Oui","1","1","7","Non","Oui","Oui","Professionnel","","","","","","","","","","GPA","","A","","","","Oui","","","","",""
"2016/11/23 6:55:41 PM GMT+1","un homme","Non","Oui","10","10","7","Oui","Non","Non","Professionnel","","","","","","","","","","GPA","","","H","","","Oui","","","","",""
"2016/11/23 8:53:09 PM GMT+1","un homme","Non","Oui","10","10","3","Oui","Non","Non","Sport","Rugby","Oui","","","","","","","","GPA","","C","","","","Oui","","","","",""
"2016/11/24 7:29:59 AM GMT+1","un homme","Oui","Oui","6","4","8","Non","Non","Oui","Jeux vidéos","","","","","","","","Non","Oui","GPA","","D","","","","Oui","","","","",""
"2016/11/24 7:47:00 AM GMT+1","une femme","Non","Non","10","10","10","Non","Oui","Oui","Musique","","","Seul","Ca m'est égal","","","","","","GDA","","","I","","","Oui","","","","",""
"2016/11/24 9:40:28 AM GMT+1","un homme","Oui","Oui","2","1","9","Non","Oui","Oui","Sociabilité","","","","","","","Non","","","GPA","H","","","","","Non","","","A","",""
"2016/11/24 10:51:35 AM GMT+1","une femme","Non","Non","10","10","6","Oui","Non","Non","Sociabilité","","","","","","","Oui","","","GDA","","","","C","","Oui","","","","",""
"2016/11/24 11:52:49 AM GMT+1","un homme","Non","Oui","10","9","7","Oui","Non","Oui","Sociabilité","","","","","","","Oui","","","GDA","","C","","","","Oui","","","","",""
"2016/11/24 12:09:31 PM GMT+1","un homme","Non","Oui","8","9","6","Oui","Non","Non","Sociabilité","","","","","","","Oui","","","GPA","","","","F","","Oui","","","","",""
"2016/11/24 2:41:17 PM GMT+1","un homme","Non","Oui","10","7","5","Oui","Non","Non","Sociabilité","","","","","","","Oui","","","GPA","","","","","F","Oui","","","","",""
"2016/11/24 3:23:24 PM GMT+1","un homme","Oui","Oui","9","10","3","Oui","Non","Oui","Sociabilité","","","","","","","Oui","","","GDA","","G","","","","Non","","","","","G"
"2016/11/24 5:49:50 PM GMT+1","un homme","Non","Non","8","7","7","Non","Oui","Non","Sport","Athlétisme","Oui","","","","","","","","GPA","","","E","","","Oui","","","","",""
"2016/11/24 8:31:54 PM GMT+1","une femme","Non","Oui","8","4","4","Oui","Oui","Oui","assos","","","","","","","","","","GPA","","","","F","","Oui","","","","",""
"2016/11/24 9:47:02 PM GMT+1","une femme","Non","Non","8","3","9","Non","Oui","Oui","Art","","","","","","","","","","GDA","","","","","L","Oui","","","","",""
"2016/11/24 10:35:06 PM GMT+1","une femme","Non","Non","9","9","7","Oui","Non","Oui","Sociabilité","","","","","","","Oui","","","GPA","","","","","","Oui","","","","",""
"2016/11/25 1:28:45 AM GMT+1","un homme","Oui","Oui","10","9","8","Oui","Non","Non","Sport","Basket","Non","","","","","","","","GPA","","","C","","","Oui","","","","",""
"2016/11/25 9:37:26 AM GMT+1","un homme","Non","Oui","10","6","7","Non","Non","Non","Sport","Art Martiaux","Non","","","","","","","","GPA","E","","","","","Non","","G","","",""
"2016/11/25 11:20:52 AM GMT+1","une femme","Non","Non","6","3","8","Non","Oui","Oui","Professionnel","","","","","","","","","","GDA","","E","","","","Oui","","","","",""
"2016/11/25 12:01:51 PM GMT+1","un homme","Non","Oui","10","9","5","Oui","Non","Non","Sociabilité","","","","","","","Oui","","","GPA","","","H","","","Oui","","","","",""
"2016/11/25 2:33:38 PM GMT+1","une femme","Oui","Oui","1","6","8","Non","Oui","Oui","multiqualitative","","","","","","","","","","GDA","","","","B","","Oui","","","","",""
"2016/11/25 2:56:23 PM GMT+1","un homme","Non","Oui","10","10","4","Oui","Non","Oui","Soirée","","","","","","","Oui","","","GPA","","","","E","","Oui","","","","",""
"2016/11/25 3:57:09 PM GMT+1","un homme","Non","Oui","10","7","5","Non","Non","Oui","Sport","Rugby","Oui","","","","","","","","GDA","","","","G","","Oui","","","","",""
"2016/11/26 1:45:40 PM GMT+1","un homme","Non","Non","9","8","4","Non","Non","Non","Musique","","","Orchestre","Ca m'est égal","","","","","","GPA","","","","","F","Non","","C","C","D",""
"2016/11/26 2:06:23 PM GMT+1","un homme","Non","Oui","8","7","8","Oui","Oui","Oui","Sport","Badminton","Non","","","","","","","","GPA","","F","","","","Oui","","","","",""
"2016/11/26 2:59:23 PM GMT+1","un homme","Non","Non","8","7","7","Non","Oui","Oui","Sociabilité","","","","","","","Non","","","GDA","","E","","","","Oui","","","","",""
"2016/11/26 5:02:40 PM GMT+1","un homme","Non","Oui","4","7","8","Oui","Non","Oui","Sport","Basket","Non","","","","","","","","GPA","G","","","","","Non","","","","L",""
"2016/11/27 3:48:36 PM GMT+1","un homme","Non","Oui","8","5","10","Oui","Oui","Oui","Sport","Aviron","Oui","","","","","","","","GPA","","A","","","","Oui","","","","",""
"2016/11/27 4:09:19 PM GMT+1","un homme","Non","Non","10","9","8","Oui","Oui","Non","Musique","","","Groupe","Ca m'est égal","","","","","","GPA","","","F","","","Non","","","","F",""
"2016/11/28 9:58:32 AM GMT+1","un homme","Oui","Oui","8","8","6","Non","Non","Oui","Sport","Athlétisme","Oui","","","","","","","","GDA","","","E","","","Oui","","","","",""
"2016/11/28 9:30:38 PM GMT+1","un homme","Oui","Oui","8","5","7","Oui","Oui","Non","Musique","","","Groupe","Non","","","","","","GPA","","","","H","","Oui","","","","",""
"2016/11/29 9:38:28 AM GMT+1","un homme","Non","Oui","7","3","9","Oui","Oui","Oui","Professionnel","","","","","","","","","","GDA","","G","","","","Oui","","","","",""
"2016/11/29 11:10:34 PM GMT+1","une femme","Oui","Oui","2","3","7","Non","Oui","Oui","Art","","","","","","","","","","GPA","","I","","","","Oui","","","","",""
"2016/11/30 11:03:10 AM GMT+1","un homme","Non","Non","8","5","6","Non","Oui","Non","communauté chrétienne","","","","","","","","","","GPA","","B","","","","Oui","","","","",""
"2016/12/04 1:21:01 PM GMT+1","un homme","Non","Non","4","3","1","Oui","Non","Oui","Informatique","","","","","Oui","Oui","","","","GPA","","F","","","","Oui","","","","",""
"2016/12/05 10:33:10 PM GMT+1","un homme","Non","Oui","8","3","8","Oui","Oui","Oui","Informatique","","","","","Oui","Oui","","","","GDA","","","","","","Non","","B","","",""
"2016/12/05 11:58:43 PM GMT+1","un homme","Oui","Oui","7","5","8","Oui","Oui","Oui","Professionnel","","","","","","","","","","GPA","I","","","I","","Oui","","","","",""
"2016/12/06 9:14:47 AM GMT+1","un homme","Non","Non","8","6","6","Oui","Oui","Oui","Rien","","","","","","","","","","GPA","C","","","","","Non","","","","",""
"2016/12/06 11:25:02 AM GMT+1","un homme","Non","Oui","7","6","7","Non","Oui","Non","Sport","Badminton","Non","","","","","","","","GPA","E","","","","","Oui","","","","",""
"2016/12/10 6:35:07 PM GMT+1","un homme","Non","Non","7","7","2","Oui","Non","Oui","Sport","Escalade","Non","","","","","","","","GPA","","","","E","","Oui","","","","",""
"2016/12/18 3:55:09 PM GMT+1","un homme","Non","Non","10","7","6","Oui","Oui","Non","Sociabilité","","","","","","","Oui","","","GPA","","","C","","","Oui","","","","",""
"2016/12/19 10:46:23 AM GMT+1","une femme","Oui","Oui","6","5","7","Non","Oui","Oui","Sociabilité","","","","","","","Non","","","GPA","","F","","","","Oui","","","","",""